State,County,Count
AL,Autauga County,267
AL,Baldwin County,267
AL,Barbour County,615
AL,Bibb County,267
AL,Blount County,267
AL,Bullock County,267
AL,Butler County,1720
AL,Calhoun County,2175
AL,Chambers County,517
AL,Cherokee County,1192
AL,Chilton County,267
AL,Choctaw County,421
AL,Clarke County,838
AL,Clay County,3221
AL,Cleburne County,521
AL,Coffee County,267
AL,Colbert County,267
AL,Conecuh County,267
AL,Coosa County,267
AL,Covington County,451
AL,Crenshaw County,267
AL,Cullman County,267
AL,Dale County,267
AL,Dallas County,853
AL,DeKalb County,926
AL,Elmore County,267
AL,Escambia County,267
AL,Etowah County,267
AL,Fayette County,2691
AL,Franklin County,5646
AL,Geneva County,267
AL,Greene County,3244
AL,Hale County,517
AL,Henry County,2009
AL,Houston County,811
AL,Jackson County,4891
AL,Jefferson County,5265
AL,Lamar County,717
AL,Lauderdale County,435
AL,Lawrence County,2373
AL,Lee County,2459
AL,Limestone County,517
AL,Lowndes County,423
AL,Macon County,995
AL,Madison County,3673
AL,Marengo County,267
AL,Marion County,3286
AL,Marshall County,2439
AL,Mobile County,267
AL,Monroe County,3937
AL,Montgomery County,4554
AL,Morgan County,2363
AL,Perry County,2419
AL,Pickens County,267
AL,Pike County,2391
AL,Randolph County,1850
AL,Russell County,1225
AL,St. Clair County,1092
AL,Shelby County,1908
AL,Sumter County,267
AL,Talladega County,267
AL,Tallapoosa County,267
AL,Tuscaloosa County,267
AL,Walker County,517
AL,Washington County,7001
AL,Wilcox County,267
AL,Winston County,439
AR,Arkansas County,254
AR,Ashley County,254
AR,Baxter County,254
AR,Benton County,1837
AR,Boone County,1679
AR,Bradley County,254
AR,Carroll County,2720
AR,Chicot County,254
AR,Clark County,2910
AR,Cleveland County,576
AR,Columbia County,2148
AR,Conway County,254
AR,Craighead County,254
AR,Crawford County,2676
AR,Crittenden County,590
AR,Cross County,254
AR,Desha County,254
AR,Drew County,254
AR,Faulkner County,254
AR,Fulton County,2432
AR,Garland County,254
AR,Grant County,3305
AR,Hempstead County,254
AR,Hot Spring County,254
AR,Howard County,1231
AR,Independence County,254
AR,Izard County,254
AR,Johnson County,1918
AR,Lafayette County,650
AR,Lincoln County,4807
AR,Little River County,254
AR,Logan County,2256
AR,Lonoke County,254
AR,Miller County,254
AR,Mississippi County,254
AR,Nevada County,678
AR,Newton County,883
AR,Ouachita County,254
AR,Phillips County,998
AR,Poinsett County,254
AR,Polk County,1811
AR,Pope County,954
AR,Prairie County,466
AR,Pulaski County,1600
AR,St. Francis County,254
AR,Saline County,931
AR,Scott County,2394
AR,Searcy County,254
AR,Sebastian County,254
AR,Sevier County,432
AR,Sharp County,254
AR,Stone County,408
AR,Union County,3800
AR,Van Buren County,755
AR,White County,913
AR,Woodruff County,254
AR,Yell County,254
CA,Alameda County,424
CA,Alpine County,424
CA,Amador County,424
CA,Butte County,424
CA,Calaveras County,424
CA,Colusa County,424
CA,Contra Costa County,424
CA,Del Norte County,424
CA,El Dorado County,424
CA,Fresno County,424
CA,Glenn County,424
CA,Humboldt County,924
CA,Imperial County,424
CA,Inyo County,424
CA,Kern County,424
CA,Kings County,858
CA,Lake County,2950
CA,Lassen County,424
CA,Los Angeles County,424
CA,Madera County,424
CA,Marin County,424
CA,Mariposa County,424
CA,Mendocino County,424
CA,Merced County,424
CA,Modoc County,424
CA,Mono County,424
CA,Monterey County,424
CA,Napa County,424
CA,Orange County,2351
CA,Placer County,424
CA,Plumas County,424
CA,Riverside County,424
CA,Sacramento County,424
CA,San Benito County,424
CA,San Bernardino County,424
CA,San Diego County,424
CA,San Francisco County,424
CA,San Joaquin County,424
CA,San Luis Obispo County,424
CA,San Mateo County,424
CA,Santa Barbara County,424
CA,Santa Clara County,424
CA,Santa Cruz County,424
CA,Shasta County,424
CA,Sierra County,882
CA,Siskiyou County,424
CA,Solano County,424
CA,Sonoma County,424
CA,Stanislaus County,424
CA,Sutter County,424
CA,Tehama County,424
CA,Trinity County,674
CA,Tulare County,424
CA,Tuolumne County,424
CA,Ventura County,424
CA,Yolo County,424
CA,Yuba County,424
CO,Adams County,2576
CO,Alamosa County,261
CO,Arapahoe County,261
CO,Archuleta County,261
CO,Baca County,261
CO,Bent County,261
CO,Boulder County,261
CO,Broomfield County,261
CO,Chaffee County,261
CO,Cheyenne County,532
CO,Clear Creek County,261
CO,Conejos County,261
CO,Costilla County,261
CO,Crowley County,261
CO,Custer County,473
CO,Delta County,930
CO,Denver County,261
CO,Dolores County,261
CO,Douglas County,2675
CO,Eagle County,261
CO,Elbert County,261
CO,El Paso County,511
CO,Fremont County,409
CO,Garfield County,1067
CO,Gilpin County,261
CO,Grand County,439
CO,Gunnison County,261
CO,Hinsdale County,261
CO,Huerfano County,261
CO,Kiowa County,532
CO,Kit Carson County,261
CO,La Plata County,261
CO,Larimer County,261
CO,Las Animas County,261
CO,Mesa County,261
CO,Mineral County,1239
CO,Moffat County,261
CO,Montezuma County,261
CO,Montrose County,261
CO,Otero County,719
CO,Ouray County,261
CO,Park County,539
CO,Pitkin County,261
CO,Prowers County,261
CO,Pueblo County,261
CO,Rio Blanco County,261
CO,Rio Grande County,261
CO,Routt County,261
CO,Saguache County,261
CO,San Juan County,1296
CO,San Miguel County,719
CO,Sedgwick County,532
CO,Summit County,766
CO,Teller County,261
CO,Weld County,261
CO,Yuma County,261
CT,Fairfield County,810
CT,Hartford County,483
DC,District of Columbia,386
CT,Litchfield County,483
CT,Middlesex County,1635
CT,New Haven County,483
CT,New London County,483
CT,Tolland County,483
CT,Windham County,800
DE,Kent County,1896
DE,New Castle County,411
DE,Sussex County,1175
HI,Hawaii County,486
HI,Honolulu County,486
HI,Kalawao County,486
HI,Kauai County,486
HI,Maui County,486
IL,Alexander County,728
IL,Bond County,406
IL,Brown County,2030
IL,Bureau County,406
IL,Cass County,1770
IL,Champaign County,720
IL,Christian County,742
IL,Clinton County,2679
IL,Coles County,406
IL,Cook County,700
IL,Cumberland County,2651
IL,De Witt County,406
IL,DuPage County,406
IL,Edgar County,406
IL,Edwards County,927
IL,Effingham County,406
IL,Ford County,677
IL,Gallatin County,954
IL,Grundy County,488
IL,Hamilton County,2025
IL,Hancock County,2253
IL,Hardin County,1388
IL,Henderson County,1314
IL,Iroquois County,406
IL,Jasper County,1117
IL,Jersey County,406
IL,Jo Daviess County,406
IL,Kane County,566
IL,Kankakee County,406
IL,Kendall County,656
IL,Knox County,1947
IL,LaSalle County,406
IL,Livingston County,1595
IL,McDonough County,406
IL,McHenry County,472
IL,McLean County,808
IL,Macoupin County,406
IL,Mason County,2175
IL,Massac County,406
IL,Menard County,656
IL,Mercer County,2318
IL,Moultrie County,406
IL,Ogle County,406
IL,Peoria County,406
IL,Piatt County,406
IL,Putnam County,1755
IL,Richland County,1246
IL,Rock Island County,406
IL,Sangamon County,406
IL,Schuyler County,840
IL,Stark County,786
IL,Stephenson County,406
IL,Tazewell County,757
IL,Vermilion County,406
IL,Wabash County,659
IL,Warren County,3472
IL,Wayne County,3651
IL,Whiteside County,406
IL,Will County,406
IL,Williamson County,656
IL,Winnebago County,730
IL,Woodford County,742
IN,Allen County,1180
IN,Bartholomew County,253
IN,Blackford County,253
IN,Daviess County,589
IN,Dearborn County,253
IN,Decatur County,606
IN,Delaware County,1524
IN,Dubois County,253
IN,Elkhart County,253
IN,Floyd County,1272
IN,Fountain County,253
IN,Gibson County,253
IN,Harrison County,1781
IN,Hendricks County,253
IN,Huntington County,253
IN,Jay County,253
IN,Jennings County,253
IN,Kosciusko County,253
IN,LaGrange County,253
IN,LaPorte County,253
IN,Martin County,1455
IN,Miami County,838
IN,Noble County,567
IN,Ohio County,937
IN,Owen County,589
IN,Parke County,253
IN,Porter County,253
IN,Posey County,253
IN,Ripley County,253
IN,Rush County,524
IN,St. Joseph County,672
IN,Spencer County,589
IN,Starke County,253
IN,Steuben County,687
IN,Sullivan County,1270
IN,Switzerland County,253
IN,Tippecanoe County,253
IN,Tipton County,253
IN,Vanderburgh County,253
IN,Vermillion County,253
IN,Vigo County,253
IN,Warrick County,253
IN,Wells County,319
IN,Whitley County,589
IA,Adair County,418
IA,Allamakee County,82
IA,Appanoose County,82
IA,Audubon County,82
IA,Black Hawk County,82
IA,Bremer County,82
IA,Buchanan County,433
IA,Buena Vista County,82
IA,Cedar County,82
IA,Cerro Gordo County,82
IA,Chickasaw County,258
IA,Clayton County,82
IA,Davis County,260
IA,Des Moines County,82
IA,Dickinson County,772
IA,Dubuque County,82
IA,Emmet County,501
IA,Guthrie County,82
IA,Ida County,82
IA,Iowa County,324
IA,Jones County,825
IA,Keokuk County,82
IA,Kossuth County,82
IA,Linn County,720
IA,Louisa County,433
IA,Lucas County,402
IA,Lyon County,1401
IA,Mahaska County,82
IA,Mills County,332
IA,Mitchell County,925
IA,Monona County,82
IA,Muscatine County,82
IA,O'Brien County,82
IA,Osceola County,501
IA,Page County,433
IA,Palo Alto County,82
IA,Plymouth County,470
IA,Pocahontas County,430
IA,Pottawattamie County,82
IA,Poweshiek County,82
IA,Ringgold County,82
IA,Sac County,82
IA,Sioux County,148
IA,Story County,82
IA,Tama County,82
IA,Taylor County,1258
IA,Wapello County,82
IA,Webster County,904
IA,Winneshiek County,82
IA,Woodbury County,82
IA,Worth County,82
IA,Wright County,376
KS,Anderson County,857
KS,Atchison County,271
KS,Barber County,271
KS,Barton County,271
KS,Bourbon County,607
KS,Chase County,271
KS,Chautauqua County,705
KS,Cloud County,271
KS,Coffey County,271
KS,Comanche County,521
KS,Cowley County,271
KS,Doniphan County,271
KS,Elk County,706
KS,Ellis County,521
KS,Ellsworth County,271
KS,Finney County,271
KS,Geary County,271
KS,Gove County,271
KS,Graham County,593
KS,Gray County,521
KS,Greeley County,271
KS,Greenwood County,271
KS,Harper County,271
KS,Harvey County,271
KS,Haskell County,521
KS,Hodgeman County,271
KS,Jewell County,271
KS,Kearny County,271
KS,Kingman County,271
KS,Labette County,271
KS,Lane County,638
KS,Leavenworth County,271
KS,McPherson County,271
KS,Meade County,607
KS,Morris County,934
KS,Morton County,337
KS,Nemaha County,271
KS,Neosho County,271
KS,Ness County,271
KS,Norton County,271
KS,Osage County,271
KS,Osborne County,271
KS,Ottawa County,1004
KS,Pawnee County,271
KS,Pottawatomie County,271
KS,Pratt County,271
KS,Rawlins County,271
KS,Reno County,271
KS,Republic County,271
KS,Rice County,565
KS,Riley County,271
KS,Rooks County,271
KS,Seward County,271
KS,Shawnee County,271
KS,Sheridan County,615
KS,Sherman County,888
KS,Smith County,647
KS,Stafford County,622
KS,Stanton County,271
KS,Stevens County,981
KS,Sumner County,271
KS,Thomas County,271
KS,Trego County,271
KS,Wabaunsee County,271
KS,Wallace County,271
KS,Wichita County,521
KS,Wilson County,843
KS,Woodson County,271
KS,Wyandotte County,271
KY,Ballard County,336
KY,Barren County,336
KY,Bath County,687
KY,Bell County,586
KY,Boyd County,336
KY,Boyle County,336
KY,Bracken County,336
KY,Breathitt County,336
KY,Breckinridge County,336
KY,Bullitt County,336
KY,Caldwell County,908
KY,Calloway County,336
KY,Campbell County,753
KY,Carlisle County,336
KY,Carter County,548
KY,Casey County,336
KY,Edmonson County,336
KY,Elliott County,336
KY,Estill County,336
KY,Fleming County,336
KY,Garrard County,336
KY,Graves County,336
KY,Grayson County,937
KY,Green County,578
KY,Greenup County,336
KY,Harlan County,336
KY,Hart County,336
KY,Hickman County,336
KY,Hopkins County,586
KY,Jessamine County,336
KY,Kenton County,336
KY,Knott County,336
KY,Larue County,336
KY,Laurel County,336
KY,Leslie County,336
KY,Letcher County,336
KY,Lewis County,1534
KY,McCracken County,336
KY,McCreary County,336
KY,Magoffin County,336
KY,Menifee County,336
KY,Metcalfe County,336
KY,Muhlenberg County,336
KY,Nelson County,753
KY,Nicholas County,684
KY,Oldham County,586
KY,Owsley County,336
KY,Pendleton County,684
KY,Powell County,548
KY,Robertson County,586
KY,Rockcastle County,336
KY,Rowan County,658
KY,Simpson County,490
KY,Todd County,630
KY,Trigg County,336
KY,Trimble County,336
KY,Wolfe County,336
LA,Acadia Parish,301
LA,Allen Parish,301
LA,Ascension Parish,301
LA,Assumption Parish,301
LA,Avoyelles Parish,301
LA,Beauregard Parish,301
LA,Bienville Parish,301
LA,Bossier Parish,301
LA,Caddo Parish,301
LA,Calcasieu Parish,301
LA,Caldwell Parish,301
LA,Cameron Parish,301
LA,Catahoula Parish,301
LA,Claiborne Parish,301
LA,Concordia Parish,301
LA,De Soto Parish,301
LA,East Baton Rouge Parish,301
LA,East Carroll Parish,301
LA,East Feliciana Parish,301
LA,Evangeline Parish,301
LA,Franklin Parish,301
LA,Grant Parish,301
LA,Iberia Parish,301
LA,Iberville Parish,301
LA,Jackson Parish,301
LA,Jefferson Parish,301
LA,Jefferson Davis Parish,301
LA,Lafayette Parish,301
LA,Lafourche Parish,301
LA,LaSalle Parish,301
LA,Lincoln Parish,301
LA,Livingston Parish,301
LA,Madison Parish,301
LA,Morehouse Parish,301
LA,Natchitoches Parish,301
LA,Orleans Parish,301
LA,Ouachita Parish,301
LA,Plaquemines Parish,301
LA,Pointe Coupee Parish,301
LA,Rapides Parish,301
LA,Red River Parish,301
LA,Richland Parish,301
LA,Sabine Parish,301
LA,St. Bernard Parish,301
LA,St. Charles Parish,301
LA,St. Helena Parish,301
LA,St. James Parish,301
LA,St. John the Baptist Parish,301
LA,St. Landry Parish,301
LA,St. Martin Parish,301
LA,St. Mary Parish,301
LA,St. Tammany Parish,301
LA,Tangipahoa Parish,301
LA,Tensas Parish,301
LA,Terrebonne Parish,301
LA,Union Parish,301
LA,Vermilion Parish,301
LA,Vernon Parish,301
LA,Washington Parish,301
LA,Webster Parish,301
LA,West Baton Rouge Parish,301
LA,West Carroll Parish,301
LA,West Feliciana Parish,301
LA,Winn Parish,301
ME,Androscoggin County,388
ME,Aroostook County,388
ME,Kennebec County,388
MD,Allegany County,826
ME,Oxford County,388
ME,Penobscot County,388
ME,Piscataquis County,388
ME,Sagadahoc County,388
ME,Somerset County,1628
ME,Waldo County,388
ME,York County,1174
MD,Anne Arundel County,392
MD,Baltimore County,392
MD,Calvert County,392
MD,Caroline County,743
MD,Cecil County,392
MD,Charles County,392
MD,Dorchester County,392
MD,Frederick County,743
MD,Garrett County,392
MD,Harford County,392
MD,Prince George's County,392
MD,Queen Anne's County,392
MD,St. Mary's County,392
MD,Talbot County,392
MD,Wicomico County,392
MD,Worcester County,780
MD,Baltimore city,392
MA,Barnstable County,388
MA,Berkshire County,388
MA,Bristol County,812
MA,Dukes County,388
MA,Essex County,1903
MA,Hampden County,388
MA,Hampshire County,736
MA,Nantucket County,388
MA,Norfolk County,388
MA,Suffolk County,822
MI,Alcona County,419
MI,Alger County,419
MI,Allegan County,419
MI,Alpena County,419
MI,Antrim County,419
MI,Arenac County,419
MI,Baraga County,419
MI,Barry County,419
MI,Bay County,419
MI,Benzie County,419
MI,Berrien County,419
MI,Branch County,419
MI,Charlevoix County,419
MI,Cheboygan County,419
MI,Chippewa County,955
MI,Clare County,419
MI,Eaton County,419
MI,Genesee County,853
MI,Gladwin County,419
MI,Gogebic County,419
MI,Grand Traverse County,419
MI,Gratiot County,419
MI,Hillsdale County,419
MI,Houghton County,419
MI,Huron County,748
MI,Ingham County,419
MI,Ionia County,419
MI,Iosco County,419
MI,Iron County,829
MI,Isabella County,419
MI,Kalamazoo County,419
MI,Kalkaska County,419
MI,Keweenaw County,419
MI,Lapeer County,419
MI,Leelanau County,419
MI,Lenawee County,419
MI,Luce County,419
MI,Mackinac County,419
MI,Macomb County,419
MI,Manistee County,419
MI,Marquette County,661
MI,Mecosta County,419
MI,Menominee County,661
MI,Midland County,669
MI,Missaukee County,419
MI,Montcalm County,419
MI,Montmorency County,419
MI,Muskegon County,419
MI,Newaygo County,419
MI,Oakland County,419
MI,Oceana County,419
MI,Ogemaw County,419
MI,Ontonagon County,419
MI,Oscoda County,419
MI,Otsego County,853
MI,Presque Isle County,419
MI,Roscommon County,419
MI,Saginaw County,419
MI,Sanilac County,419
MI,Schoolcraft County,419
MI,Shiawassee County,419
MI,Tuscola County,419
MI,Washtenaw County,419
MI,Wexford County,419
MN,Aitkin County,294
MN,Anoka County,294
MN,Becker County,294
MN,Beltrami County,294
MN,Big Stone County,294
MN,Blue Earth County,294
MN,Carlton County,294
MN,Carver County,294
MN,Chisago County,294
MN,Clearwater County,294
MN,Cottonwood County,294
MN,Crow Wing County,294
MN,Dakota County,294
MN,Dodge County,536
MN,Faribault County,294
MN,Fillmore County,294
MN,Freeborn County,294
MN,Goodhue County,294
MN,Hennepin County,294
MN,Hubbard County,294
MN,Isanti County,294
MN,Itasca County,294
MN,Kanabec County,294
MN,Kandiyohi County,294
MN,Kittson County,294
MN,Koochiching County,294
MN,Lac qui Parle County,294
MN,Lake of the Woods County,294
MN,Le Sueur County,294
MN,McLeod County,294
MN,Mahnomen County,294
MN,Meeker County,294
MN,Mille Lacs County,294
MN,Morrison County,294
MN,Mower County,294
MN,Murray County,294
MN,Nicollet County,294
MN,Nobles County,294
MN,Norman County,294
MN,Olmsted County,294
MN,Otter Tail County,294
MN,Pennington County,294
MN,Pine County,294
MN,Pipestone County,294
MN,Ramsey County,360
MN,Red Lake County,294
MN,Redwood County,294
MN,Renville County,360
MN,Rock County,536
MN,Roseau County,294
MN,St. Louis County,294
MN,Sherburne County,294
MN,Sibley County,294
MN,Stearns County,294
MN,Steele County,360
MN,Swift County,294
MN,Traverse County,294
MN,Wabasha County,294
MN,Wadena County,294
MN,Waseca County,294
MN,Watonwan County,294
MN,Wilkin County,294
MN,Winona County,294
MN,Yellow Medicine County,294
MS,Alcorn County,154
MS,Amite County,147
MS,Attala County,154
MS,Bolivar County,170
MS,Claiborne County,141
MS,Coahoma County,149
MS,Copiah County,138
MS,DeSoto County,205
MS,Forrest County,205
MS,George County,126
MS,Grenada County,154
MS,Hinds County,177
MS,Holmes County,463
MS,Humphreys County,173
MS,Issaquena County,56
MS,Itawamba County,183
MS,Jefferson Davis County,154
MS,Kemper County,147
MS,Leake County,141
MS,Leflore County,170
MS,Neshoba County,176
MS,Noxubee County,149
MS,Oktibbeha County,147
MS,Panola County,420
MS,Pearl River County,138
MS,Pontotoc County,163
MS,Prentiss County,154
MS,Quitman County,106
MS,Rankin County,184
MS,Sharkey County,72
MS,Sunflower County,152
MS,Tallahatchie County,142
MS,Tate County,177
MS,Tippah County,154
MS,Tishomingo County,154
MS,Tunica County,103
MS,Walthall County,142
MS,Wilkinson County,80
MS,Yalobusha County,179
MS,Yazoo County,138
MT,Beaverhead County,212
MT,Big Horn County,278
MT,Blaine County,212
MT,Broadwater County,212
MT,Carbon County,891
MT,Cascade County,212
MT,Chouteau County,212
MT,Daniels County,212
MT,Dawson County,462
MT,Deer Lodge County,212
MT,Fallon County,212
MT,Fergus County,212
MT,Flathead County,212
MT,Glacier County,212
MT,Golden Valley County,278
MT,Granite County,212
MT,Hill County,462
MT,Judith Basin County,212
MT,Lewis and Clark County,212
MT,Liberty County,462
MT,McCone County,212
MT,Meagher County,212
MT,Missoula County,212
MT,Musselshell County,212
MT,Petroleum County,212
MT,Pondera County,212
MT,Powder River County,212
MT,Ravalli County,212
MT,Roosevelt County,670
MT,Rosebud County,212
MT,Sanders County,212
MT,Silver Bow County,212
MT,Stillwater County,212
MT,Sweet Grass County,212
MT,Teton County,278
MT,Toole County,212
MT,Treasure County,212
MT,Valley County,212
MT,Wheatland County,212
MT,Wibaux County,212
MT,Yellowstone County,212
NV,Churchill County,418
NV,Elko County,418
NV,Esmeralda County,418
NV,Eureka County,418
NV,Lander County,418
NV,Nye County,418
NV,Pershing County,418
NV,Storey County,418
NV,Washoe County,418
NV,White Pine County,418
NV,Carson City,418
NH,Belknap County,148
NH,Cheshire County,148
NH,Coos County,515
NH,Grafton County,148
NH,Hillsborough County,148
NH,Merrimack County,148
NH,Rockingham County,821
NH,Strafford County,148
NJ,Atlantic County,413
NJ,Bergen County,413
NJ,Burlington County,413
NJ,Camden County,735
NJ,Cape May County,413
NJ,Gloucester County,764
NJ,Hudson County,413
NJ,Hunterdon County,413
NJ,Monmouth County,413
NJ,Ocean County,413
NJ,Passaic County,413
NJ,Salem County,413
NM,Bernalillo County,458
NM,Catron County,458
NM,Chaves County,458
NM,Cibola County,441
NM,Colfax County,458
NM,Curry County,825
NM,De Baca County,458
NM,Doña Ana County,458
NM,Eddy County,524
NM,Guadalupe County,708
NM,Harding County,458
NM,Hidalgo County,708
NM,Lea County,458
NM,Los Alamos County,458
NM,Luna County,458
NM,McKinley County,441
NM,Mora County,458
NM,Quay County,458
NM,Rio Arriba County,458
NM,Sandoval County,458
NM,Santa Fe County,458
NM,Socorro County,458
NM,Taos County,458
NM,Torrance County,458
NM,Valencia County,458
NY,Albany County,500
NY,Bronx County,434
NY,Broome County,434
NY,Cattaraugus County,434
NY,Cayuga County,434
NY,Chemung County,434
NY,Chenango County,434
NY,Cortland County,434
NY,Dutchess County,434
NY,Erie County,1183
NY,Herkimer County,434
NY,Nassau County,434
NY,New York County,434
NY,Niagara County,434
NY,Oneida County,676
NY,Onondaga County,434
NY,Ontario County,434
NY,Orleans County,751
NY,Oswego County,434
NY,Queens County,434
NY,Rensselaer County,434
NY,Richmond County,1107
NY,Rockland County,434
NY,St. Lawrence County,434
NY,Saratoga County,434
NY,Schenectady County,434
NY,Schoharie County,434
NY,Seneca County,748
NY,Tioga County,869
NY,Tompkins County,434
NY,Ulster County,434
NY,Westchester County,434
NY,Wyoming County,1217
NY,Yates County,434
NC,Alamance County,322
NC,Alleghany County,673
NC,Anson County,322
NC,Ashe County,322
NC,Avery County,322
NC,Beaufort County,322
NC,Bertie County,322
NC,Bladen County,322
NC,Brunswick County,673
NC,Buncombe County,322
NC,Burke County,388
NC,Cabarrus County,322
NC,Carteret County,322
NC,Caswell County,322
NC,Catawba County,322
NC,Chatham County,322
NC,Chowan County,322
NC,Columbus County,322
NC,Craven County,322
NC,Currituck County,322
NC,Dare County,322
NC,Davidson County,322
NC,Davie County,322
NC,Duplin County,322
NC,Durham County,322
NC,Edgecombe County,322
NC,Forsyth County,322
NC,Gaston County,322
NC,Gates County,322
NC,Granville County,322
NC,Guilford County,322
NC,Halifax County,673
NC,Harnett County,322
NC,Haywood County,322
NC,Hertford County,322
NC,Hoke County,322
NC,Hyde County,322
NC,Iredell County,322
NC,Johnston County,322
NC,Lenoir County,322
NC,McDowell County,670
NC,Mecklenburg County,673
NC,Moore County,572
NC,Nash County,322
NC,New Hanover County,322
NC,Northampton County,1108
NC,Onslow County,322
NC,Pamlico County,322
NC,Pasquotank County,322
NC,Pender County,322
NC,Perquimans County,322
NC,Person County,322
NC,Pitt County,322
NC,Robeson County,322
NC,Rutherford County,322
NC,Sampson County,322
NC,Scotland County,322
NC,Stanly County,322
NC,Stokes County,322
NC,Surry County,673
NC,Swain County,322
NC,Transylvania County,322
NC,Tyrrell County,322
NC,Vance County,322
NC,Wake County,322
NC,Watauga County,322
NC,Wilkes County,322
NC,Yadkin County,322
NC,Yancey County,322
ND,Barnes County,66
ND,Benson County,66
ND,Billings County,66
ND,Bottineau County,66
ND,Bowman County,66
ND,Burleigh County,66
ND,Cavalier County,66
ND,Dickey County,66
ND,Divide County,66
ND,Dunn County,308
ND,Emmons County,66
ND,Foster County,66
ND,Grand Forks County,66
ND,Griggs County,66
ND,Hettinger County,66
ND,Kidder County,66
ND,LaMoure County,66
ND,McIntosh County,66
ND,McKenzie County,66
ND,Mountrail County,66
ND,Oliver County,66
ND,Pembina County,66
ND,Pierce County,724
ND,Ransom County,66
ND,Rolette County,66
ND,Sargent County,66
ND,Slope County,66
ND,Stutsman County,66
ND,Towner County,66
ND,Traill County,66
ND,Walsh County,66
ND,Ward County,316
ND,Williams County,380
OH,Ashland County,556
OH,Ashtabula County,314
OH,Athens County,320
OH,Auglaize County,314
OH,Belmont County,314
OH,Clermont County,327
OH,Columbiana County,314
OH,Coshocton County,314
OH,Cuyahoga County,329
OH,Darke County,314
OH,Defiance County,314
OH,Gallia County,314
OH,Geauga County,314
OH,Guernsey County,314
OH,Highland County,665
OH,Hocking County,314
OH,Licking County,320
OH,Lorain County,327
OH,Mahoning County,314
OH,Medina County,564
OH,Meigs County,314
OH,Morrow County,681
OH,Muskingum County,314
OH,Paulding County,314
OH,Pickaway County,327
OH,Portage County,556
OH,Preble County,314
OH,Ross County,314
OH,Sandusky County,314
OH,Scioto County,320
OH,Trumbull County,329
OH,Tuscarawas County,314
OH,Van Wert County,314
OH,Vinton County,314
OH,Wood County,1167
OH,Wyandot County,314
OR,Baker County,367
OR,Clackamas County,367
OR,Clatsop County,367
OR,Crook County,433
OR,Deschutes County,367
OR,Gilliam County,367
OR,Harney County,367
OR,Hood River County,367
OR,Josephine County,367
OR,Klamath County,367
OR,Malheur County,367
OR,Multnomah County,367
OR,Tillamook County,367
OR,Umatilla County,367
OR,Wallowa County,367
OR,Wasco County,367
OR,Wheeler County,617
OR,Yamhill County,367
PA,Allegheny County,435
PA,Armstrong County,685
PA,Beaver County,605
PA,Bedford County,786
PA,Berks County,435
PA,Blair County,435
PA,Bradford County,435
PA,Bucks County,435
PA,Cambria County,435
PA,Cameron County,685
PA,Centre County,435
PA,Chester County,435
PA,Clarion County,435
PA,Clearfield County,435
PA,Dauphin County,435
PA,Forest County,677
PA,Huntingdon County,435
PA,Indiana County,435
PA,Juniata County,435
PA,Lackawanna County,435
PA,Lancaster County,786
PA,Lebanon County,435
PA,Lehigh County,435
PA,Luzerne County,435
PA,Lycoming County,435
PA,McKean County,435
PA,Mifflin County,435
PA,Montour County,435
PA,Northumberland County,786
PA,Philadelphia County,435
PA,Potter County,685
PA,Schuylkill County,435
PA,Snyder County,435
PA,Susquehanna County,435
PA,Venango County,435
PA,Westmoreland County,786
RI,Newport County,424
RI,Providence County,424
TX,Andrews County,250
TX,Angelina County,250
TX,Aransas County,250
TX,Archer County,250
TX,Atascosa County,250
TX,Austin County,250
TX,Bailey County,250
TX,Bandera County,250
TX,Bastrop County,250
TX,Baylor County,250
TX,Bee County,250
TX,Bexar County,250
TX,Blanco County,250
TX,Borden County,250
TX,Bosque County,250
TX,Bowie County,250
TX,Brazoria County,250
TX,Brazos County,250
TX,Brewster County,250
TX,Briscoe County,250
TX,Brooks County,250
TX,Burleson County,250
TX,Burnet County,250
TX,Callahan County,250
TX,Camp County,250
TX,Carson County,250
TX,Castro County,250
TX,Childress County,250
TX,Cochran County,250
TX,Coke County,250
TX,Coleman County,250
TX,Collin County,250
TX,Collingsworth County,250
TX,Colorado County,250
TX,Comal County,250
TX,Concho County,250
TX,Cooke County,250
TX,Coryell County,250
TX,Cottle County,250
TX,Crane County,250
TX,Crockett County,250
TX,Crosby County,250
TX,Culberson County,250
TX,Dallam County,250
TX,Deaf Smith County,250
TX,Denton County,250
TX,DeWitt County,250
TX,Dickens County,250
TX,Dimmit County,250
TX,Donley County,250
TX,Duval County,250
TX,Eastland County,250
TX,Ector County,250
TX,Erath County,250
TX,Falls County,250
TX,Fannin County,250
TX,Fisher County,250
TX,Foard County,250
TX,Fort Bend County,250
TX,Freestone County,250
TX,Frio County,250
TX,Gaines County,250
TX,Galveston County,250
TX,Garza County,250
TX,Gillespie County,250
TX,Glasscock County,250
TX,Goliad County,250
TX,Gonzales County,250
TX,Gregg County,250
TX,Grimes County,250
TX,Hall County,250
TX,Hansford County,250
TX,Hardeman County,250
TX,Harris County,250
TX,Hartley County,250
TX,Hays County,250
TX,Hemphill County,250
TX,Hockley County,250
TX,Hood County,250
TX,Hudspeth County,250
TX,Hunt County,250
TX,Hutchinson County,250
TX,Irion County,250
TX,Jack County,250
TX,Jeff Davis County,250
TX,Jim Hogg County,250
TX,Jim Wells County,250
TX,Karnes County,250
TX,Kaufman County,250
TX,Kenedy County,250
TX,Kerr County,250
TX,Kimble County,250
TX,King County,666
TX,Kinney County,250
TX,Kleberg County,250
TX,Lamb County,250
TX,Lampasas County,250
TX,La Salle County,250
TX,Lavaca County,250
TX,Leon County,250
TX,Lipscomb County,250
TX,Live Oak County,250
TX,Llano County,250
TX,Loving County,250
TX,Lubbock County,250
TX,Lynn County,250
TX,McCulloch County,250
TX,McLennan County,250
TX,McMullen County,250
TX,Matagorda County,250
TX,Maverick County,250
TX,Milam County,250
TX,Montague County,250
TX,Motley County,250
TX,Nacogdoches County,250
TX,Navarro County,250
TX,Nolan County,250
TX,Nueces County,250
TX,Ochiltree County,250
TX,Palo Pinto County,250
TX,Parker County,250
TX,Parmer County,250
TX,Pecos County,250
TX,Presidio County,250
TX,Rains County,250
TX,Randall County,250
TX,Reagan County,250
TX,Real County,250
TX,Red River County,250
TX,Reeves County,250
TX,Refugio County,250
TX,Roberts County,250
TX,Rockwall County,250
TX,Runnels County,250
TX,Rusk County,492
TX,Sabine County,250
TX,San Augustine County,250
TX,San Jacinto County,250
TX,San Patricio County,250
TX,San Saba County,250
TX,Schleicher County,250
TX,Scurry County,250
TX,Shackelford County,250
TX,Somervell County,250
TX,Starr County,250
TX,Stephens County,250
TX,Sterling County,250
TX,Stonewall County,250
TX,Sutton County,250
TX,Swisher County,250
TX,Tarrant County,250
TX,Terrell County,250
TX,Terry County,250
TX,Throckmorton County,250
TX,Titus County,250
TX,Tom Green County,250
TX,Travis County,250
TX,Tyler County,598
TX,Upshur County,598
TX,Upton County,250
TX,Uvalde County,250
TX,Val Verde County,250
TX,Van Zandt County,250
TX,Victoria County,250
TX,Waller County,250
TX,Webb County,250
TX,Wharton County,250
TX,Wilbarger County,250
TX,Willacy County,250
TX,Winkler County,250
TX,Wise County,601
TX,Yoakum County,250
TX,Young County,250
TX,Zapata County,250
TX,Zavala County,250
UT,Box Elder County,178
UT,Cache County,178
UT,Daggett County,160
UT,Duchesne County,170
UT,Emery County,170
UT,Juab County,178
UT,Millard County,178
UT,Piute County,160
UT,Rich County,160
UT,Salt Lake County,178
UT,Sanpete County,178
UT,Tooele County,178
UT,Uintah County,178
UT,Utah County,178
UT,Wasatch County,178
UT,Weber County,178
VT,Addison County,317
VT,Bennington County,317
VT,Caledonia County,317
VT,Chittenden County,317
VT,Grand Isle County,317
VT,Lamoille County,317
VT,Rutland County,317
VT,Windsor County,317
VA,Accomack County,351
VA,Albemarle County,351
VA,Amelia County,351
VA,Amherst County,351
VA,Appomattox County,351
VA,Arlington County,351
VA,Augusta County,351
VA,Bland County,351
VA,Botetourt County,351
VA,Buckingham County,351
VA,Charles City County,351
VA,Charlotte County,351
VA,Chesterfield County,351
VA,Craig County,351
VA,Culpeper County,351
VA,Dickenson County,351
VA,Dinwiddie County,351
VA,Fairfax County,351
VA,Fauquier County,351
VA,Fluvanna County,351
VA,Giles County,351
VA,Goochland County,351
VA,Greensville County,351
VA,Hanover County,351
VA,Henrico County,351
VA,Isle of Wight County,351
VA,James City County,351
VA,King and Queen County,351
VA,King George County,351
VA,King William County,351
VA,Loudoun County,351
VA,Lunenburg County,351
VA,Mathews County,351
VA,New Kent County,351
VA,Nottoway County,351
VA,Patrick County,351
VA,Pittsylvania County,351
VA,Powhatan County,351
VA,Prince Edward County,351
VA,Prince George County,351
VA,Prince William County,351
VA,Rappahannock County,351
VA,Roanoke County,351
VA,Rockbridge County,351
VA,Shenandoah County,351
VA,Smyth County,351
VA,Southampton County,351
VA,Spotsylvania County,351
VA,Wythe County,351
VA,Alexandria city,351
VA,Bristol city,351
VA,Buena Vista city,351
VA,Charlottesville city,351
VA,Chesapeake city,351
VA,Colonial Heights city,351
VA,Covington city,351
VA,Danville city,351
VA,Emporia city,351
VA,Fairfax city,351
VA,Falls Church city,351
VA,Franklin city,351
VA,Fredericksburg city,351
VA,Galax city,351
VA,Hampton city,351
VA,Harrisonburg city,351
VA,Hopewell city,351
VA,Lexington city,351
VA,Lynchburg city,351
VA,Manassas city,351
VA,Manassas Park city,351
VA,Martinsville city,351
VA,Newport News city,351
VA,Norfolk city,351
VA,Norton city,351
VA,Petersburg city,351
VA,Poquoson city,351
VA,Portsmouth city,351
VA,Radford city,351
VA,Richmond city,351
VA,Roanoke city,351
VA,Salem city,351
VA,Staunton city,351
VA,Suffolk city,351
VA,Virginia Beach city,351
VA,Waynesboro city,351
VA,Williamsburg city,351
VA,Winchester city,351
WA,Asotin County,416
WA,Chelan County,416
WA,Clallam County,416
WA,Cowlitz County,416
WA,Ferry County,416
WA,Grays Harbor County,416
WA,Island County,416
WA,Kitsap County,416
WA,Kittitas County,416
WA,Klickitat County,416
WA,Okanogan County,416
WA,Pacific County,416
WA,Pend Oreille County,416
WA,Skagit County,416
WA,Skamania County,416
WA,Snohomish County,416
WA,Spokane County,416
WA,Thurston County,416
WA,Wahkiakum County,416
WA,Walla Walla County,416
WA,Whatcom County,416
WA,Whitman County,416
WA,Yakima County,416
WV,Berkeley County,348
WV,Braxton County,348
WV,Brooke County,348
WV,Cabell County,348
WV,Doddridge County,348
WV,Gilmer County,348
WV,Greenbrier County,348
WV,Hardy County,348
WV,Kanawha County,348
WV,Mingo County,348
WV,Monongalia County,348
WV,Pleasants County,348
WV,Preston County,348
WV,Raleigh County,348
WV,Ritchie County,348
WV,Roane County,348
WV,Summers County,348
WV,Tucker County,348
WV,Wetzel County,348
WV,Wirt County,348
WI,Barron County,242
WI,Bayfield County,242
WI,Buffalo County,242
WI,Burnett County,242
WI,Calumet County,242
WI,Dane County,242
WI,Door County,242
WI,Eau Claire County,242
WI,Florence County,242
WI,Fond du Lac County,242
WI,Green Lake County,242
WI,Juneau County,242
WI,Kenosha County,242
WI,Kewaunee County,242
WI,La Crosse County,242
WI,Langlade County,242
WI,Manitowoc County,242
WI,Marathon County,242
WI,Marinette County,242
WI,Milwaukee County,242
WI,Oconto County,242
WI,Outagamie County,242
WI,Ozaukee County,242
WI,Pepin County,242
WI,Price County,242
WI,Racine County,242
WI,St. Croix County,242
WI,Sauk County,242
WI,Sawyer County,242
WI,Shawano County,242
WI,Sheboygan County,242
WI,Trempealeau County,242
WI,Vernon County,242
WI,Vilas County,242
WI,Walworth County,242
WI,Washburn County,242
WI,Waukesha County,242
WI,Waupaca County,242
WI,Waushara County,242
GU,Guam,466
PR,Adjuntas Municipio,490
PR,Aguada Municipio,490
PR,Aguadilla Municipio,490
PR,Aguas Buenas Municipio,490
PR,Aibonito Municipio,490
PR,Añasco Municipio,490
PR,Arecibo Municipio,490
PR,Arroyo Municipio,490
PR,Barceloneta Municipio,490
PR,Barranquitas Municipio,490
PR,Bayamón Municipio,490
PR,Cabo Rojo Municipio,490
PR,Caguas Municipio,490
PR,Camuy Municipio,490
PR,Canóvanas Municipio,490
PR,Carolina Municipio,490
PR,Cataño Municipio,490
PR,Cayey Municipio,490
PR,Ceiba Municipio,490
PR,Ciales Municipio,490
PR,Cidra Municipio,490
PR,Coamo Municipio,490
PR,Comerío Municipio,490
PR,Corozal Municipio,490
PR,Culebra Municipio,490
PR,Dorado Municipio,490
PR,Fajardo Municipio,490
PR,Florida Municipio,490
PR,Guánica Municipio,490
PR,Guayama Municipio,490
PR,Guayanilla Municipio,490
PR,Guaynabo Municipio,490
PR,Gurabo Municipio,490
PR,Hatillo Municipio,490
PR,Hormigueros Municipio,490
PR,Humacao Municipio,490
PR,Isabela Municipio,490
PR,Jayuya Municipio,490
PR,Juana Díaz Municipio,490
PR,Juncos Municipio,490
PR,Lajas Municipio,490
PR,Lares Municipio,490
PR,Las Marías Municipio,490
PR,Las Piedras Municipio,490
PR,Loíza Municipio,490
PR,Luquillo Municipio,490
PR,Manatí Municipio,490
PR,Maricao Municipio,490
PR,Maunabo Municipio,490
PR,Mayagüez Municipio,490
PR,Moca Municipio,490
PR,Morovis Municipio,490
PR,Naguabo Municipio,490
PR,Naranjito Municipio,490
PR,Orocovis Municipio,490
PR,Patillas Municipio,490
PR,Peñuelas Municipio,490
PR,Ponce Municipio,490
PR,Quebradillas Municipio,490
PR,Rincón Municipio,490
PR,Río Grande Municipio,490
PR,Sabana Grande Municipio,490
PR,Salinas Municipio,490
PR,San Germán Municipio,490
PR,San Juan Municipio,490
PR,San Lorenzo Municipio,490
PR,San Sebastián Municipio,490
PR,Santa Isabel Municipio,490
PR,Toa Alta Municipio,490
PR,Toa Baja Municipio,490
PR,Trujillo Alto Municipio,490
PR,Utuado Municipio,490
PR,Vega Alta Municipio,490
PR,Vega Baja Municipio,490
PR,Vieques Municipio,490
PR,Villalba Municipio,490
PR,Yabucoa Municipio,490
PR,Yauco Municipio,490
VI,St. Croix Island,469
VI,St. John Island,469
VI,St. Thomas Island,469
WY,Converse County,66
WY,Goshen County,66
WY,Hot Springs County,66
WY,Laramie County,66
WY,Natrona County,66
WY,Niobrara County,66
WY,Platte County,66
WY,Sublette County,66
WY,Sweetwater County,66
WY,Uinta County,66
WY,Washakie County,66
WY,Weston County,66
AS,Eastern District,18
AS,Manu'a District,18
AS,Rose Island,18
AS,Swains Island,18
AS,Western District,18
